# Stocks with a market cap above 100 crore, from the author's screener export of 12 Aug 2026.
# Symbols only: membership is all the app needs, prices are fetched live.
# It is a snapshot and ages. To refresh it, put a new export at data/universe_symbols.csv.
symbol
20MICRONS
360ONE
3BBLACKBIO
3IINFOLTD
3MINDIA
5PAISA
63MOONS
A2ZINFRA
AAATECH
AADHARHFC
AAREYDRUGS
AARNAV
AARON
AARTECH
AARTIDRUGS
AARTIIND
AARTIPHARM
AARTISURF
AARVI
AASTHA
AAVAS
ABAN
ABANSENT
ABB
ABBOTINDIA
ABCAPITAL
ABCOTS
ABDL
ABFRL
ABINFRA
ABLBL
ABMKNO
ABREL
ABSLAMC
ACC
ACCELYA
ACE
ACI
ACL
ACMESOLAR
ACSTECH
ACUTAAS
ADANIENSOL
ADANIENT
ADANIGREEN
ADANIPORTS
ADANIPOWER
ADFFOODS
ADOR
ADSL
ADVAIT
ADVANCE
ADVANIHOTR
ADVENTHTL
ADVENZYMES
AEGISLOG
AEGISVOPAK
AEPL
AEQUS
AEROENTER
AEROFLEX
AERONEU
AETHER
AFCONS
AFFLE
AFFORDABLE
AFIL
AFSL
AGARIND
AGARWALEYE
AGI
AGIIL
AGL
AHCL
AHLEAST
AHLUCONT
AHLWEST
AIAENG
AIIL
AIRAN
AIROLAM
AJANTPHARM
AJAXENGG
AJMERA
AKCAPIT
AKSHARCHEM
AKUMS
ALANKIT
ALBERTDAVD
ALEMBICLTD
ALGOQUANT
ALICON
ALIVUS
ALKEM
ALKYLAMINE
ALLCARGO
ALLDIGI
ALLTIME
ALMONDZ
ALOKINDS
ALPA
ALPHAGEO
ALPINETEX
AMAGI
AMANTA
AMBALALSA
AMBER
AMBIKCO
AMBUJACEM
AMIRCHAND
AMJLAND
AMNPLST
AMRUTANJAN
ANANDRATHI
ANANTRAJ
ANDHRAPAP
ANDHRSUGAR
ANGELONE
ANIKINDS
ANTELOPUS
ANTHEM
ANUHPHR
ANUP
ANURAS
APARINDS
APCL
APCOTEXIND
APEX
APLAPOLLO
APLLTD
APOLLO
APOLLOHOSP
APOLLOPIPE
APOLLOTYRE
APOLSINHOT
APTECHT
APTUS
AQYLON
ARCHIDPLY
ARE&M
ARFIN
ARIES
ARIHANT
ARIHANTCAP
ARIHANTSUP
ARIS
ARKADE
ARMANFIN
ARROWGREEN
ARSSBL
ARTEMISMED
ARTNIRMAN
ARVEE
ARVIND
ARVINDFASN
ARVSMART
ASAHIINDIA
ASAHISONG
ASAL
ASALCBR
ASHAPURMIN
ASHIANA
ASHIMASYN
ASHOKA
ASHOKLEY
ASIANENE
ASIANHOTNR
ASIANPAINT
ASIANTILES
ASKAUTOLTD
ASMS
ASPINWALL
ASTAR
ASTEC
ASTERDM
ASTRAL
ASTRAMICRO
ASTRAZEN
ATALREAL
ATGL
ATHERENERG
ATL
ATLANTAA
ATLANTAELE
ATUL
ATULAUTO
AUBANK
AURIONPRO
AUROPHARMA
AURUM
AUSOMENT
AUTOAXLES
AUTOIND
AVADHSUGAR
AVAILFC
AVALON
AVANTEL
AVANTIFEED
AVG
AVL
AVONMORE
AVROIND
AVTNPL
AWFIS
AWHCL
AWL
AXISBANK
AXISCADES
AXITA
AYE
AYMSYNTEX
AZAD
BAFNAPH
BAIDFIN
BAJAJ-AUTO
BAJAJCON
BAJAJELEC
BAJAJFINSV
BAJAJHCARE
BAJAJHFL
BAJAJHIND
BAJAJHLDNG
BAJAJINDEF
BAJAJST
BAJEL
BAJFINANCE
BALAJEE
BALAJITELE
BALAMINES
BALAXI
BALKRISIND
BALMLAWRIE
BALPHARMA
BALRAMCHIN
BALUFORGE
BANARISUG
BANCOINDIA
BANDHANBNK
BANKBARODA
BANKINDIA
BANSALWIRE
BANSWRAS
BASF
BASML
BATAINDIA
BATLIBOI
BAYERCROP
BBL
BBOX
BBTC
BBTCL
BCG
BCLIND
BCONCEPTS
BCPL
BDL
BEARDSELL
BECTORFOOD
BEDMUTHA
BEEKAY
BEL
BELLACASA
BELRISE
BEML
BENGALASM
BEPL
BERGEPAINT
BESTAGRO
BETA
BFINVEST
BFUTILITIE
BGRENERGY
BHAGCHEM
BHAGERIA
BHAGYANGR
BHARATCOAL
BHARATFORG
BHARATGEAR
BHARATRAS
BHARATSE
BHARATWIRE
BHARTIARTL
BHARTIHEXA
BHEL
BI
BIGBLOC
BIKAJI
BIL
BIMETAL
BIOCON
BIRLACABLE
BIRLACORPN
BIRLAMONEY
BIRLANU
BIRLAPREC
BLACKBUCK
BLACKROSE
BLAL
BLIL
BLISSGVS
BLKASHYAP
BLS
BLSE
BLUEDART
BLUEJET
BLUESTARCO
BLUESTONE
BLUSPRING
BMWVENTLTD
BNAGROCHEM
BNALTD
BODALCHEM
BOMDYEING
BORANA
BOROLTD
BORORENEW
BOROSCI
BOSCH-HCIL
BOSCHLTD
BPCL
BPL
BRIGADE
BRIGHOTEL
BRITANNIA
BRNL
BROOKS
BSE
BSHSL
BSL
BSOFT
BTML
BTTL
BUILDPRO
BUTTERFLY
BYKE
CALSOFT
CAMLINFINE
CAMPUS
CAMS
CANBK
CANFINHOME
CANHLIFE
CANTABIL
CAPACITE
CAPILLARY
CAPITALSFB
CAPLIPOINT
CARBORUNIV
CARERATING
CARTRADE
CARYSIL
CASTROLIND
CCAVENUE
CCCL
CCHHL
CCL
CDSL
CEATLTD
CEIGALL
CEINSYS
CELLO
CEMPRO
CENTENKA
CENTEXT
CENTRALBK
CENTRUM
CENTUM
CENTURYPLY
CERA
CESC
CEWATER
CGCL
CGPOWER
CHALET
CHAMBLFERT
CHEMBOND
CHEMBONDCH
CHEMCON
CHEMFAB
CHEMPLASTS
CHENNPETRO
CHEVIOT
CHOICEIN
CHOLAFIN
CHOLAHLDNG
CIEINDIA
CIFL
CIGNITITEC
CINELINE
CIPLA
CLEAN
CLEANMAX
CLEDUCATE
CLSEL
CMLL
CMPDI
CMRGREEN
CMSINFO
COALINDIA
COASTCORP
COCHINSHIP
COCKERILL
COFFEEDAY
COFORGE
COHANCE
COLPAL
COMFINTE
COMPUSOFT
COMSYN
CONCOR
CONCORDBIO
CONFIPET
CONSOFINVT
CONTROLPR
CORALFINAC
CORDELIA
CORDSCABLE
COROMANDEL
CORONA
COSMOFIRST
CPCAP
CPEDU
CPPLUS
CRAFTSMAN
CRAMC
CREDITACC
CREST
CRISIL
CRIZAC
CROMPTON
CROWN
CSBBANK
CSLFINANCE
CSM
CUB
CUBEXTUB
CUMMINSIND
CUPID
CYBERTECH
CYIENT
CYIENTDLM
DABUR
DAICHI
DALBHARAT
DALMIASUG
DAMCAPITAL
DATAMATICS
DATAPATTNS
DAVANGERE
DBCORP
DBEIL
DBL
DBOL
DBREALTY
DBSTOCKBRO
DCAL
DCBBANK
DCI
DCM
DCMNVL
DCMSHRIRAM
DCMSIL
DCMSRIND
DCW
DCXINDIA
DDEVPLSTIK
DECCANCE
DECNGOLD
DEEDEV
DEEPAKFERT
DEEPAKNTR
DEEPINDS
DELHIVERY
DELPHIFX
DELTACORP
DEN
DENORA
DENTA
DEVIT
DEVX
DEVYANI
DGCONTENT
DHAMPURSUG
DHANBANK
DHANUKA
DHARMAJ
DHUNINV
DIACABS
DIAMINESQ
DIAMONDYD
DICIND
DIFFNKG
DIGISPICE
DIGITIDE
DISAQ
DISHTV
DIVGIITTS
DIVISLAB
DIXON
DJML
DLF
DLINKINDIA
DMART
DMCC
DODLA
DOLATALGO
DOLLAR
DOLPHIN
DOMS
DONEAR
DPABHUSHAN
DPSCLTD
DPWIRES
DRAGARWQ
DRCSYSTEMS
DREAMFOLKS
DREDGECORP
DRREDDY
DSFCL
DSSL
DTIL
DUCON
DVL
DWARKESH
DYCL
DYNAMATECH
DYNPRO
E2E
EASEMYTRIP
EBGNG
ECLERX
ECOSMOBLTY
EDELWEISS
EFCIL
EICHERMOT
EIDPARRY
EIEL
EIFFL
EIHAHOTELS
EIHOTEL
EIMCOELECO
EKC
ELANTAS
ELCIDIN
ELDEHSG
ELECON
ELECTCAST
ELECTHERM
ELGIEQUIP
ELGIRUBCO
ELIN
ELITECON
ELPROINTL
EMAMILTD
EMAMIPAP
EMAMIREAL
EMBDL
EMCURE
EMIL
EMKAY
EMMBI
EMMVEE
EMPOWER
EMSLIMITED
EMUDHRA
ENDURANCE
ENGINERSIN
ENIL
ENRIN
ENTERO
EPACK
EPACKPEB
EPIGRAL
EPL
EQUIPPP
EQUITASBNK
ERIS
ESABINDIA
ESAFSFB
ESCORTS
ESSARSHPNG
ESSENTIA
ESTER
ETERNAL
ETHOSLTD
EUREKAFORB
EUROBOND
EUROPRATIK
EVEREADY
EVERESTIND
EXCELINDUS
EXCELSOFT
EXICOM
EXIDEIND
EXPLEOSOL
EXXARO
FABTECH
FACT
FAIRCHEMOR
FAZE3Q
FCL
FCSSOFT
FDC
FEDDERSHOL
FEDERALBNK
FEDFINA
FIEMIND
FILATEX
FILATFASH
FINCABLES
FINEORG
FINKURVE
FINOPB
FINPIPE
FIRSTCRY
FISCHER
FIVESTAR
FLAIR
FLUOROCHEM
FMGOETZE
FOCUS
FOODSIN
FORCEMOT
FORTIS
FOSECOIND
FRACTAL
FRONTSP
FSL
FUSION
GABRIEL
GAEL
GAIL
GALAPREC
GALAXYSURF
GALLANTT
GANDHAR
GANDHITUBE
GANECOS
GANESHBE
GANESHCP
GANESHHOU
GANGESSECU
GARFIBRES
GARUDA
GATEWAY
GAUDIUMIVF
GAYAPROJ
GCSL
GEECEE
GEEKAYWIRE
GEMAROMA
GENCON
GENESYS
GENUSPAPER
GENUSPOWER
GEOJITFSL
GESHIP
GFLLIMITED
GHCL
GHCLTEXTIL
GICHSGFIN
GICL
GICRE
GILLANDERS
GILLETTE
GINNIFILA
GIPCL
GKENERGY
GKSL
GLAND
GLAXO
GLENMARK
GLOBAL
GLOBALVECT
GLOBECIVIL
GLOBUSSPR
GLOSTERLTD
GLOTTIS
GMBREW
GMDCLTD
GMMPFAUDLR
GMRAIRPORT
GMRP&UI
GNA
GNFC
GNRL
GOACARBON
GOCLCORP
GOCOLORS
GODAVARIB
GODFRYPHLP
GODIGIT
GODREJAGRO
GODREJCP
GODREJIND
GODREJPROP
GOKEX
GOKUL
GOKULAGRO
GOLDIAM
GOLDTECH
GOODLUCK
GOODYEAR
GOPAL
GPIL
GPPL
GPTHEALTH
GPTINFRA
GRANDOAK
GRANULES
GRAPHITE
GRASIM
GRAUWEIL
GRAVISSHO
GRAVITA
GREAVESCOT
GREENLAM
GREENPANEL
GREENPLY
GREENPOWER
GRINDWELL
GRINFRA
GRMOVER
GROBTEA
GROWW
GRPLTD
GRSE
GRWRHITECH
GSFC
GSLSU
GSPCROP
GSPL
GTL
GTLINFRA
GTPL
GUFICBIO
GUJALKALI
GUJAPOLLO
GUJENERGY
GUJTHEM
GULFOILLUB
GULFPETRO
GVKPIL
GVPIL
GVPTECH
GVT&D
GYFTR
HAL
HALDER
HALDYNGL
HALEOSLABS
HAPPSTMNDS
HAPPYFORGE
HARDWYN
HARIOMPIPE
HARRMALAYA
HARSHA
HATHWAY
HATSUN
HAVELLS
HAWKINCOOK
HBESD
HBLENGINE
HCC
HCG
HCL-INSYS
HCLTECH
HDBFS
HDFCAMC
HDFCBANK
HDFCLIFE
HEALTHX
HECPROJECT
HEG
HEIDELBERG
HEMIPROP
HERANBA
HERITGFOOD
HEROMOTOCO
HESTERBIO
HEXAGON
HEXATRADEX
HFCL
HGINFRA
HGS
HIKAL
HILTON
HIMATSEIDE
HINDALCO
HINDCOMPOS
HINDCON
HINDCOPPER
HINDOILEXP
HINDPETRO
HINDUNILVR
HINDWAREAP
HINDZINC
HIRECT
HITECH
HITECHCORP
HITECHGEAR
HLEGLAS
HLVLTD
HMAAGRO
HMT
HMVL
HNDFDS
HOMEFIRST
HONASA
HONAUT
HONDAPOWER
HPAL
HPIL
HPL
HSCL
HTMEDIA
HUBTOWN
HUDCO
HUHTAMAKI
HYUNDAI
IBULLSLTD
ICEMAKE
ICICIAMC
ICICIBANK
ICICIGI
ICICIPRULI
ICIL
ICRA
IDBI
IDEA
IDEAFORGE
IDFCFIRSTB
IEX
IFBAGRO
IFBIND
IFCI
IFGLEXPOR
IGARASHI
IGCL
IGIL
IGL
IGPL
IIFL
IIFLCAPS
IITL
IKIO
IKS
IL&FSENGG
IMAGICAA
IMFA
IMPAL
INA
INCREDIBLE
INDBANK
INDGN
INDHOTEL
INDIACEM
INDIAGLYCO
INDIAMART
INDIANB
INDIANCARD
INDIANHUME
INDIASHLTR
INDIGO
INDIGOPNTS
INDIQUBE
INDNIPPON
INDOAMIN
INDOBORAX
INDOCO
INDOFARM
INDOMIM
INDORAMA
INDOSTAR
INDOTECH
INDOTHAI
INDOUS
INDOWIND
INDPRUD
INDRAMEDCO
INDSWFTLAB
INDTERRAIN
INDUSINDBK
INDUSTOWER
INFOBEAN
INFY
INGERRAND
INNOVACAP
INNOVANA
INNOVISION
INOXGREEN
INOXINDIA
INOXWIND
INSECTICID
INSPIRISYS
INTELLECT
INTENTECH
INTERARCH
INTLCONV
INVPRECQ
IOB
IOC
IOLCP
IONEXCHANG
IPCALAB
IPL
IRB
IRCON
IRCTC
IREDA
IRFC
IRIS
IRISDOREME
IRMENERGY
ISFT
ISGEC
ISHANCH
ITC
ITCHOTELS
ITDC
ITI
IVALUE
IVC
IVP
IWP
IXIGO
IZMO
J&KBANK
JAGRAN
JAGSNPHARM
JAIBALAJI
JAICORPLTD
JAINREC
JAMNAAUTO
JARO
JASH
JAYAGROGN
JAYBARMARU
JAYKAY
JAYNECOIND
JAYSREETEA
JBCHEPHARM
JBMA
JETFREIGHT
JGCHEM
JINDALPHOT
JINDALPOLY
JINDALSAW
JINDALSTEL
JINDRILL
JINDWORLD
JIOFIN
JISLJALEQS
JITFINFRA
JKCEMENT
JKIL
JKIPL
JKLAKSHMI
JKPAPER
JKTYRE
JLHL
JMA
JMFINANCIL
JNKINDIA
JNPR
JOCIL
JPOLYINVST
JPPOWER
JSFB
JSL
JSLL
JSWCEMENT
JSWDULUX
JSWENERGY
JSWHL
JSWINFRA
JSWSTEEL
JTEKTINDIA
JTLIND
JUBLCPL
JUBLFOOD
JUBLINGREA
JUBLPHARMA
JUNIPER
JUSTDIAL
JWL
JYOTHYLAB
JYOTICNC
JYOTISTRUC
KABRAEXTRU
KAJARIACER
KALAMANDIR
KALPATARU
KALYANIFRG
KALYANKJIL
KAMAHOLD
KAMATHOTEL
KAMDHENU
KAMOPAINTS
KANCHI
KANORICHEM
KANPRPLA
KANSAINER
KAPSTON
KARURVYSYA
KAVDEFENCE
KAYA
KAYNES
KCP
KCPSUGIND
KDDL
KEC
KECL
KEI
KELLTONTEC
KENNAMET
KERNEX
KESORAMIND
KEYFINSERV
KFINTECH
KHADIM
KHAICHEM
KICL
KILITCH
KIMS
KINGFA
KIOCL
KIRANVYPAR
KIRIINDUS
KIRLFER
KIRLOSBROS
KIRLOSENG
KIRLOSIND
KIRLPNU
KISSHT
KITEX
KKCL
KLBRENG-B
KMEW
KMSUGAR
KNACK
KNAGRI
KNRCON
KOKUYOCMLN
KOLTEPATIL
KOPRAN
KOTAKBANK
KOTHARIPET
KOTHARIPRO
KOTIC
KOTYARK
KOVAI
KPEL
KPIGREEN
KPIL
KPITTECH
KPL
KPRMILL
KRBL
KREBSBIO
KRISHANA
KRISHIVAL
KRISHNADEF
KRITI
KRITIKA
KRITINUT
KRN
KRONOX
KROSS
KRSNAA
KRYSTAL
KSB
KSCL
KSHINTL
KSL
KSOLVES
KTKBANK
KUANTUM
KUSUMGAR
KWIL
LAGNAM
LAHOTIOV
LAL
LALPATHLAB
LAMBODHARA
LANCORHOL
LANDMARK
LANDSMILL
LAOPALA
LASERPOWER
LATENTVIEW
LATTEYS
LAURUSLABS
LAXMIDENTL
LAXMIINDIA
LCL
LEMERITE
LEMONTREE
LENSKART
LGBBROSLTD
LGEINDIA
LGHL
LIBERTSHOE
LICHSGFIN
LICI
LIKHITHA
LINC
LINCOLN
LINDEINDIA
LLOYDSENGG
LLOYDSENT
LLOYDSME
LMW
LODHA
LOKESHMACH
LORDSCHLO
LOTUSDEV
LOTUSEYE
LOVABLE
LOYALTEX
LT
LTF
LTFOODS
LTM
LTTS
LUMAXIND
LUMAXTECH
LUPIN
LUXIND
LXCHEM
LYKALABS
M&M
M&MFIN
MAANALU
MACPOWER
MADHAVIPL
MADRASFERT
MAFATIND
MAGADSUGAR
MAGNUM
MAHABANK
MAHAPEXLTD
MAHASTEEL
MAHEPC
MAHESHWARI
MAHLIFE
MAHLOG
MAHSCOOTER
MAHSEAMLES
MAITHANALL
MAJESAUT
MALLCOM
MAMATA
MANAKALUCO
MANAKCOAT
MANAKSIA
MANAKSTEEL
MANALIPETC
MANAPPURAM
MANBA
MANCREDIT
MANGLMCEM
MANINDS
MANINFRA
MANIPALHOS
MANKIND
MANOMAY
MANORAMA
MANORG
MANYAVAR
MAPMYINDIA
MARALOVER
MARATHON
MARICO
MARINE
MARKOLINES
MARKSANS
MARSONS
MARUTI
MASFIN
MASTEK
MASTERTR
MATRIMONY
MAWANASUG
MAXESTATES
MAXHEALTH
MAXIND
MAYURUNIQ
MAZDA
MAZDOCK
MBAPL
MBEL
MBLINFRA
MCCHRLS-B
MCL
MCLEODRUSS
MCLOUD
MCX
MEDANTA
MEDIASSIST
MEDICAMEQ
MEDICO
MEDPLUS
MEESHO
MEGASTAR
MEIL
MENNPIS
MENONBE
MERCANTILE
MERCURYEV
METROBRAND
METROGLOBL
METROPOLIS
MFSL
MGEL
MGL
MHLXMIRU
MHRIL
MICEL
MIDHANI
MIDWESTLTD
MINDACORP
MINDTECK
MIRZAINT
MITCON
MMFL
MMP
MMTC
MMWL
MOBIKWIK
MODINATUR
MODIRUBBER
MODIS
MODISONLTD
MODTHREAD
MOIL
MOL
MOLDTECH
MOLDTKPAC
MONARCH
MONEYBOXX
MONTECARLO
MOREPENLAB
MOSCHIP
MOTHERSON
MOTILALOFS
MOTISONS
MOTOGENFIN
MPHASIS
MPSLTD
MRF
MRPL
MSPL
MSTCLTD
MSUMI
MTARTECH
MTNL
MUFIN
MUFTI
MUKANDLTD
MUKKA
MUKTAARTS
MUNJALAU
MUNJALSHOW
MURUDCERA
MUTHOOTCAP
MUTHOOTFIN
MUTHOOTMF
MVELECTRO
MVGJL
MWL
NACLIND
NAGAFERT
NAHARCAP
NAHARINDUS
NAHARPOLY
NAHARSPING
NAM-INDIA
NATCAPSUQ
NATCOPHARM
NATHBIOGEN
NATIONALUM
NATIONSTD
NAUKRI
NAVA
NAVINFLUOR
NAVKARCORP
NAVKARURB
NAVNETEDUL
NAZARA
NBCC
NBIFIN
NCC
NCLIND
NDGL
NDL
NDLVENTURE
NDRAUTO
NDTV
NEAGI
NECCLTD
NECLIFE
NELCAST
NELCO
NEOGEN
NEPHROPLUS
NESCO
NESTLEIND
NETWEB
NETWORK18
NEUEON
NEULANDLAB
NEWGEN
NFL
NGLFINE
NH
NHPC
NIACL
NIBE
NIITLTD
NIITMTS
NILAINFRA
NILASPACES
NILE
NILKAMAL
NIMBSPROJ
NINSYS
NIPPOBATRY
NIRAJ
NIRLON
NITCO
NITINSPIN
NITIRAJ
NITTAGELA
NIVABUPA
NLCINDIA
NMDC
NOCIL
NORBTEAEXP
NORTHARC
NOVAAGRI
NOVARTIND
NPST
NRAIL
NRBBEARING
NRL
NSIL
NSLNISP
NTPC
NTPCGREEN
NUCLEUS
NURECA
NUVAMA
NUVOCO
NYKAA
OAL
OBCL
OBEROIRLTY
OCCLLTD
OFSS
OIL
OILCOUNTUB
OLAELEC
OLECTRA
OMAXAUTO
OMAXE
OMFREIGHT
OMINFRAL
OMNI
OMPOWER
ONELIFECAP
ONEPOINT
ONESOURCE
ONGC
ONIDA
ONMOBILE
ONWARDTEC
OPTIEMUS
ORBTEXP
ORCHPHARMA
ORICONENT
ORIENTBELL
ORIENTCEM
ORIENTCER
ORIENTELEC
ORIENTHOT
ORIENTPPR
ORIENTTECH
ORISSAMINE
ORKLAINDIA
OSWALAGRO
OSWALGREEN
OSWALPUMPS
PACEDIGITK
PAGEIND
PAISALO
PAKKA
PANACEABIO
PANACHE
PANAMAPET
PANSARI
PAR
PARACABLES
PARADEEP
PARAGMILK
PARAS
PARKHOSPS
PARKHOTELS
PASHUPATI
PASUPTAC
PATANJALI
PATELENG
PATELRMART
PAUSHAKLTD
PAVNAIND
PAYTM
PCBL
PCJEWELLER
PDMJEPAPER
PDSL
PENIND
PENINLAND
PERSISTENT
PETRONET
PFC
PFIZER
PFOCUS
PFS
PGEL
PGHH
PGHL
PGIL
PHOENIXLTD
PICCADIL
PIDILITIND
PIGL
PIIND
PILANIINVS
PILITA
PINELABS
PIONRINV
PITTIENG
PIXTRANS
PKTEA
PLASTIBLEN
PLATIND
PLAZACABLE
PML
PNB
PNBGILTS
PNBHOUSING
PNCINFRA
PNGJL
PNGSREVA
POCL
PODDARMENT
POKARNA
POLICYBZR
POLYCAB
POLYMED
POLYPLEX
PONNIERODE
POONAWALLA
POWERGRID
POWERICA
POWERINDIA
POWERMECH
PPAP
PPL
PPLPHARMA
PRABHA
PRADPME
PRAENG
PRAJIND
PRAKASH
PRAVEG
PRAXIS
PRECAM
PRECOT
PRECWIRE
PREMCO
PREMEXPLN
PREMIERENE
PREMIERPOL
PRESTIGE
PRICOLLTD
PRIMESECU
PRIMO
PRINCEPIPE
PRITIKAUTO
PRIVISCL
PROSTARM
PROTEAN
PROZONER
PRSMJOHNSN
PRUDENT
PSB
PSPPROJECT
PTC
PTCIL
PTL
PUNJABCHEM
PURVA
PVP
PVRINOX
PVSL
PWL
PYRAMID
QMSMEDI
QPOWER
QUADFUTURE
QUESS
QUICKHEAL
QUINT
RACE
RACLGEAR
RADHIKAJWE
RADIANTCMS
RADICO
RADIOCITY
RAILTEL
RAIN
RAINBOW
RAJESHEXPO
RAJOOENG
RAJPALAYAM
RAJRATAN
RAJRILTD
RAJSREESUG
RALLIS
RAMANEWS
RAMAPHO
RAMASTEEL
RAMBHAJO
RAMCOCEM
RAMCOIND
RAMCOSYS
RAMKY
RAMRAT
RANASUG
RANEHOLDIN
RATEGAIN
RATNAMANI
RATNAVEER
RAYMOND
RAYMONDLSL
RAYMONDREL
RBA
RBLBANK
RBZJEWEL
RCF
RCOM
RECLTD
REDINGTON
REDTAPE
REFEX
REGAAL
RELAXO
RELIABLE
RELIANCE
RELIGARE
RELINFRA
RELTD
REMSONSIND
RENUKA
REPCOHOME
REPL
REPRO
RESPONIND
RGL
RHETAN
RHIM
RHL
RICOAUTO
RIIL
RISHABH
RITCO
RITES
RKFORGE
RKSWAMY
RMC
RMDRIP
RML
RNBDENIMS
ROHLTD
ROLEXRINGS
ROSSARI
ROSSELLIND
ROSSTECH
ROTO
ROUTE
RPEL
RPGLIFE
RPOWER
RPPINFRA
RPPL
RPSGVENT
RPTECH
RRIL
RRKABEL
RSDFIN
RSL
RSWM
RSYSTEMS
RTNINDIA
RTNPOWER
RUBFILA
RUBICON
RUBYMILLS
RUCHINFRA
RUCHIRA
RUDRA
RUPA
RUSHIL
RUSTOMJEE
RVHL
RVNL
RVTH
S&SPOWER
SAATVIKGL
SADBHAV
SADHNANIQ
SAFARI
SAGCEM
SAGILITY
SAHLIBHFI
SAHYADRI
SAIL
SAILIFE
SAIPARENT
SAKAR
SAKHTISUG
SAKSOFT
SAKUMA
SALASAR
SALONA
SALSTEEL
SALZERELEC
SAMBHAAV
SAMBHV
SAMHI
SAMMAANCAP
SAMPANN
SANATHAN
SANDESH
SANDHAR
SANDUMA
SANGAMIND
SANGHVIMOV
SANGINITA
SANOFI
SANOFICONR
SANSERA
SANSTAR
SAPPHIRE
SAPPL
SARDAEN
SAREGAMA
SARLAPOLY
SARVESHWAR
SASKEN
SATIA
SATIN
SAURASHCEM
SAYAJIHOTL
SBC
SBCL
SBFC
SBGLP
SBICARD
SBIFUNDS
SBILIFE
SBIN
SCANSTL
SCHAEFFLER
SCHAND
SCHNEIDER
SCI
SCILAL
SCODATUBES
SCPL
SDBL
SEAMECLTD
SECMARK
SEDEMAC
SEIL
SEJALLTD
SENCO
SENORES
SEPC
SERVOTECH
SESHAPAPER
SETCO
SETL
SFL
SGFIN
SGIL
SGMART
SHADOWFAX
SHAH
SHAHALLOYS
SHAILY
SHAKTIPUMP
SHALBY
SHALPAINTS
SHANKARA
SHANTIGEAR
SHANTIGOLD
SHARDACROP
SHARDAMOTR
SHARDUL
SHAREINDIA
SHBAJRG
SHEMAROO
SHILCTECH
SHILPAMED
SHINDL
SHIVALIK
SHIVAMAUTO
SHIVATEX
SHIVAUM
SHK
SHOPERSTOP
SHRADHA
SHREDIGCEM
SHREECEM
SHREEJISPG
SHREEPUSHK
SHREERAMA
SHREYANIND
SHRIKRISH
SHRINGARMS
SHRIPISTON
SHRIRAMFIN
SHRIRAMPPS
SHYAMCENT
SHYAMMETL
SICAGEN
SICALLOG
SIEMENS
SIGACHI
SIGIND
SIGMA
SIGMAADV
SIGNATURE
SIGNPOST
SIKA
SIKKO
SIL
SILGO
SILINV
SILVERTUC
SIMPLEXINF
SINCLAIR
SINDHUTRAD
SINGERIND
SINTERCOM
SIRCA
SIS
SIYSIL
SJS
SJVN
SKFINDIA
SKFINDUS
SKIPPER
SKMEGGPROD
SKYGOLD
SMARTLINK
SMARTWORKS
SMCGLOBAL
SMLMAH
SMSPHARMA
SNOWMAN
SOBHA
SOFTTECH
SOLARA
SOLARINDS
SOLARWORLD
SOLEX
SOMANYCERA
SOMATEX
SOMICONVEY
SONACOMS
SONAL
SONAMLTD
SONATSOFTW
SOTL
SOUTHBANK
SOUTHWEST
SPAL
SPANDANA
SPARC
SPCENET
SPECIALITY
SPECTRUM
SPENCERS
SPIC
SPLPETRO
SPMLINFRA
SPORTKING
SRD
SREEL
SRF
SRGHFL
SRHHYPOLTD
SRM
SRTL
SSDL
SSWL
STALLION
STANLEY
STAR
STARCEMENT
STARHEALTH
STARPAPER
STARTECK
STCINDIA
STEELCAS
STEELCITY
STEELXIND
STEL
STERTOOLS
STLNETWORK
STLTECH
STOVEKRAFT
STUDDS
STYL
STYLAMIND
STYLEBAAZA
STYRENIX
SUBEXLTD
SUBROS
SUDARCOLOR
SUDARSCHEM
SUDEEPPHRM
SUKHJITS
SULA
SUMEETINDS
SUMICHEM
SUMIT
SUMMITSEC
SUNCLAY
SUNDARMFIN
SUNDRMBRAK
SUNDRMFAST
SUNDROP
SUNFLAG
SUNPHARMA
SUNTECK
SUNTV
SUPERHOUSE
SUPRAJIT
SUPREME
SUPREMEIND
SUPREMEINF
SUPRIYA
SURAJEST
SURAJLTD
SURAKSHA
SURANASOL
SURANAT&P
SURYALA
SURYALAXMI
SURYAROSNI
SURYODAY
SUTLEJTEX
SUVEN
SUYOG
SUZLON
SVLL
SWANCORP
SWANDEF
SWARAJENG
SWELECTES
SWIGGY
SWSOLAR
SYMPHONY
SYNCOMF
SYNGENE
SYRMA
SYSTMTXC
TAALTECH
TAINWALCHM
TAJGVK
TAKE
TALBROAUTO
TAMBOLIIN
TANLA
TARACHAND
TARC
TARIL
TARMAT
TARSONS
TASTYBITE
TATACAP
TATACHEM
TATACOMM
TATACONSUM
TATAELXSI
TATAINVEST
TATAPOWER
TATASTEEL
TATATECH
TATVA
TBOTEK
TBZ
TCC
TCI
TCIEXP
TCPLPACK
TCS
TDPOWERSYS
TEAMGTY
TEAMLEASE
TECHM
TECHNOE
TECHNVISN
TEGA
TEJASNET
TEMBO
TENNIND
TERASOFT
TEXINFRA
TEXMOPIPES
TEXRAIL
TFCILTD
THACKER
THAKDEV
THANGAMAYL
THEINVEST
THEJO
THELEELA
THEMISMED
THERMAX
THOMASCOOK
THOMASCOTT
THYROCARE
TI
TICL
TIGERLOGS
TIIL
TIINDIA
TIL
TIMETECHNO
TIMEX
TIMKEN
TINNARUBR
TIPSFILMS
TIPSMUSIC
TIRUMALCHM
TIRUPATIFL
TITAGARH
TITAN
TMB
TMCV
TMPV
TNPETRO
TNPL
TOLINS
TORNTPHARM
TORNTPOWER
TOTAL
TPLPLASTEH
TRACXN
TRANSPEK
TRANSRAILL
TRANSWORLD
TRAVELFOOD
TREJHARA
TREL
TRENT
TRF
TRIDENT
TRIGYN
TRITURBINE
TRIVENI
TRUALT
TSFINV
TTKHLTCARE
TTKPRESTIG
TTL
TTML
TURTLEMINT
TVSELECT
TVSHLTD
TVSMOTOR
TVSSCS
TVSSRICHAK
TVTODAY
UBL
UCAL
UCOBANK
UDS
UEL
UFBL
UFLEX
UFO
UGARSUGAR
UGROCAP
UJJIVANSFB
ULTRACEMCO
ULTRAMAR
UMIYA-MRO
UNICHEMLAB
UNIDT
UNIECOM
UNIENTER
UNIMECH
UNIONBANK
UNIPARTS
UNITDSPR
UNITECH
UNITEDPOLY
UNITEDTEA
UNIVASTU
UNIVCABLES
UNIVPHOTO
UNOMINDA
UPL
URBANCO
URJA
USHAMART
USK
UTIAMC
UTKARSHBNK
UTLSOLAR
UTTAMSUGAR
UYFINCORP
V2RETAIL
VADILALIND
VAIBHAVGBL
VAISHALI
VAKRANGEE
VALIANTLAB
VALIANTORG
VAML
VARDHACRLC
VARDMNPOLY
VARROC
VASCONEQ
VASWANI
VBL
VEDL
VEDPOWER
VEEDOL
VELJAN
VENKEYS
VENTIVE
VENUSPIPES
VENUSREM
VERANDA
VERTOZ
VESUVIUS
VETO
VGL
VGUARD
VHL
VHLTD
VIDHIING
VIDYAWIRES
VIJAYA
VIJIFIN
VIKASECO
VIKASLIFE
VIKRAMSOLR
VIKRAN
VIMTALABS
VINATIORGA
VINCOFE
VINDHYATEL
VINYLINDIA
VIPCLOTHNG
VIPIND
VIPULLTD
VIRINCHI
VISACHROME
VISAKAIND
VISHNU
VISHWARAJ
VISL
VITAL
VIVIANA
VIYASH
VLEGOV
VLSFINANCE
VMART
VMM
VMSTMT
VOEPL
VOGL
VOLTAMP
VOLTAS
VPRPL
VRAJ
VRLLOG
VSSL
VSTIND
VSTL
VSTTILLERS
VTL
WAAREEENER
WAAREEINDO
WAAREERTL
WABAG
WAKEFIT
WALCHANNAG
WANBURY
WCIL
WEALTH
WEBELSOLAR
WEIZMANIND
WEL
WELCORP
WELENT
WELINV
WELSPLSOL
WELSPUNLIV
WENDT
WESTLIFE
WEWORK
WHEELS
WHIRLPOOL
WIMPLAST
WINDLAS
WINDMACHIN
WIPL
WIPRO
WOCKPHARMA
WONDERLA
WORTHPERI
WPIL
WSI
WSTCSTPAPR
XCHANGING
XELPMOC
XPROINDIA
XTGLOBAL
XTRANET
YASHO
YATHARTH
YATRA
YESBANK
YUKEN
ZAGGLE
ZEEL
ZEELEARN
ZEEMEDIA
ZENITHEXPO
ZENSARTECH
ZENTEC
ZFCVINDIA
ZFSTEERING
ZIMLAB
ZODIAC
ZODIACLOTH
ZOTA
ZSARACOM
ZUARI
ZUARIIND
ZYDUSLIFE
ZYDUSWELL
